id,target
c0f722661,-1.0233309268951416
f0953f0a5,-0.4413248971104622
0df072751,-0.42383841052651405
04caf4e0c,-1.8650027513504028
0e63f8bea,-1.1621225327253342
12537fe78,-1.0058629885315895
965e592c0,0.3024149052798748
